FIPS,pop,Property Values,Kirwan Opportunity Index,total_reviews,mean_rating,avg_sent,business_ct,log_reviews,log_business_ct,crime_ct,med_income,log_pop,log_crimes
500300,2149,72800,-0.830523,3918,4.0,0.20183016422417488,19,8.273336598504486,2.9444389791664403,117.0,43375,7.67275789664251,4.762173934797756
500400,751,48800,-1.483277,3401,3.8882352941176466,0.1813942142779361,17,8.131824785007195,2.833213344056216,37.0,31827,6.621405651764134,3.6109179126442243
500500,1507,53500,-0.764662,1611,4.04,0.14514086317094432,5,7.384610383176974,1.6094379124341003,77.0,42333,7.317876198626496,4.343805421853684
500700,4109,85800,-0.629579,1999,4.292857142857143,0.27226899364992996,14,7.6004023345004,2.6390573296152584,184.0,44184,8.32093496888341,5.214935757608986
500800,2569,83100,-0.639033,177,4.4,0.2682079249571183,5,5.176149732573829,1.6094379124341003,61.0,31510,7.851271997109883,4.110873864173311
500900,3706,67500,-0.884419,1168,3.8200000000000003,0.1711864289882067,10,7.0630481633881725,2.302585092994046,125.0,20233,8.217708406845306,4.8283137373023015
501000,2945,74300,-0.696658,545,4.044444444444444,0.17666336340016986,9,6.300785794663244,2.1972245773362196,101.0,31951,7.987864096085687,4.61512051684126
501100,3328,75200,-1.356753,1387,4.24,0.2621887622136066,15,7.234898420314831,2.70805020110221,128.0,33189,8.1101268019411,4.852030263919617
501200,1609,56800,-1.12909,209,4.324999999999999,0.22203273403079601,4,5.342334251964811,1.3862943611198906,60.0,48393,7.3833681469923835,4.0943445622221
501400,3624,86400,-0.321899,7368,4.05,0.2340186595413821,42,8.904901577935142,3.7376696182833684,62.0,49012,8.19533366716287,4.127134385045092
501500,4056,85200,-0.398292,1825,4.171428571428572,0.1934124323568662,14,7.509335266016592,2.6390573296152584,134.0,37885,8.30795254527102,4.897839799950911
501600,1955,75800,-0.632116,4614,4.1000000000000005,0.27056832436597716,33,8.4368504387337,3.4965075614664802,57.0,43712,7.578145472419466,4.04305126783455
501700,2218,65700,-1.328054,6664,4.134375,0.2585569098150988,32,8.804475183846678,3.4657359027997265,51.0,30750,7.704361167910313,3.9318256327243257
501900,2490,98700,-0.827302,165,4.15,0.21818166903745848,4,5.10594547390058,1.3862943611198906,46.0,21304,7.820037989458753,3.828641396489095
502000,1858,58500,-1.031841,1536,4.345454545454545,0.25159457609710195,11,7.336936913707618,2.3978952727983707,37.0,34306,7.527255919373784,3.6109179126442243
503200,3002,69100,-0.914727,4028,4.136,0.29127942301958604,25,8.301025253838453,3.2188758248682006,121.0,54091,8.007034012193408,4.795790545596741
503300,3407,65900,-0.833442,1338,3.933333333333333,0.1522115046137164,9,7.198931240688173,2.1972245773362196,150.0,38917,8.133587417660966,5.0106352940962555
503400,886,61800,-0.642034,3731,4.082352941176471,0.1847245102264618,17,8.224431573221159,2.833213344056216,82.0,34784,6.786716950605081,4.406719247264253
503500,2709,69100,-1.292596,3511,4.047058823529412,0.20417519675952425,17,8.163656176168432,2.833213344056216,98.0,44717,7.904334842085095,4.584967478670572
503600,1476,63900,-0.982329,469,4.275,0.18027054796714004,4,6.150602768446279,1.3862943611198906,54.0,33531,7.297091005160418,3.9889840465642745
503900,1730,49400,-1.086985,2682,4.054545454545455,0.22002259885265074,11,7.894318063841624,2.3978952727983707,34.0,30326,7.455876687491824,3.5263605246161616
504000,1093,91100,-0.849255,70,3.9499999999999997,0.15068341503267968,2,4.248495242049359,0.6931471805599453,29.0,33087,6.996681488176539,3.367295829986474
504100,1173,65900,-1.209391,1259,3.8545454545454545,0.15879968732853464,11,7.138073034044347,2.3978952727983707,83.0,35730,7.067319848653476,4.418840607796598
504200,1644,69400,-1.050306,2755,4.061538461538461,0.19399112432527588,13,7.9211727215870145,2.5649493574615367,53.0,44453,7.404887575616125,3.970291913552122
504300,1834,64200,-0.929081,540,4.1,0.22865228630831025,7,6.29156913955832,1.9459101490553132,81.0,33646,7.51425465281641,4.394449154672439
504400,1416,83200,-1.061096,317,4.225,0.1924684572424507,4,5.75890177387728,1.3862943611198906,64.0,20048,7.255591274253665,4.1588830833596715
505200,2943,78600,-1.012398,863,3.6374999999999997,0.11383556454298671,8,6.760414691083428,2.0794415416798357,68.0,37287,7.987184748233473,4.219507705176107
505400,1927,56200,-1.273659,2549,4.223529411764706,0.24519822329679777,17,7.8434564043761155,2.833213344056216,116.0,40777,7.563719668414366,4.7535901911063645
506100,1875,70900,-0.878444,3585,4.228571428571429,0.3185349003721112,21,8.184513753033722,3.044522437723423,59.0,28125,7.536363938404511,4.07753744390572
506200,1814,68600,-1.140022,2047,4.10625,0.22277317278051328,16,7.624130585661289,2.772588722239781,83.0,26492,7.503289630675082,4.418840607796598
506300,1860,60600,-0.88751,3585,4.220833333333333,0.250393620113778,24,8.184513753033722,3.1780538303479458,52.0,24327,7.528331766707247,3.9512437185814275
506400,842,48700,-0.998416,1022,3.9416666666666664,0.21112119012389285,12,6.92951677076365,2.4849066497880004,48.0,16454,6.7357800142423265,3.871201010907891
506500,1963,72700,-0.898234,547,4.325,0.24566399852670942,8,6.304448802421981,2.0794415416798357,42.0,39141,7.5822291942764615,3.7376696182833684
506600,2713,62200,-1.173951,1911,4.172222222222222,0.17632809746603706,18,7.555381944240273,2.8903717578961645,74.0,33097,7.905810312658931,4.30406509320417
506800,3904,80600,-0.804353,10514,4.151162790697675,0.24810305876601976,43,9.260462981379394,3.7612001156935624,78.0,43382,8.269756947532983,4.356708826689592
506900,3579,66600,-0.664621,2321,4.153846153846154,0.22104520198194128,13,7.749753406274437,2.5649493574615367,61.0,32981,8.182838710766026,4.110873864173311
507300,2285,48400,-0.942186,628,4.4,0.3145597636631149,8,6.4425401664681985,2.0794415416798357,67.0,39292,7.734121303328305,4.204692619390966
507400,2488,51000,-0.91542,1926,4.105263157894737,0.2286196429524463,19,7.563200592358071,2.9444389791664403,54.0,55313,7.81923445385907,3.9889840465642745
507500,2221,54200,-0.941789,3335,3.829411764705882,0.18129452412861613,17,8.112227958349724,2.833213344056216,76.0,29464,7.7057128238944275,4.330733340286331
508000,1098,24000,-1.488508,19660,3.948780487804878,0.20632987642135117,41,9.886341393701157,3.713572066704308,29.0,20259,7.001245622069476,3.367295829986474
508100,1271,44000,-1.277639,2320,4.089473684210526,0.2814584015521307,19,7.749322464660356,2.9444389791664403,67.0,16600,7.147559271189454,4.204692619390966
510600,5499,55600,-0.918748,1851,4.022222222222222,0.1837612763732871,9,7.523481312573497,2.1972245773362196,42.0,23171,8.612321536507814,3.7376696182833684
511300,2231,41800,-1.200831,1050,4.16,0.19879851342453525,5,6.956545443151569,1.6094379124341003,41.0,38950,7.7102051944325325,3.713572066704308
511400,2005,51700,-0.771499,1118,4.207142857142857,0.24775146045520774,14,7.0192966537150445,2.6390573296152584,60.0,31269,7.60339933974067,4.0943445622221
511900,1559,62500,-1.389126,11362,4.157142857142857,0.24495153160700664,49,9.338029733117072,3.8918202981106265,65.0,42679,7.351799869057777,4.174387269895637
513200,1504,51200,-0.838663,1500,4.446153846153846,0.26679409904249723,13,7.313220387090301,2.5649493574615367,21.0,34500,7.315883504509785,3.044522437723423
514100,1732,51100,-1.378032,894,4.171428571428572,0.20414989813700515,7,6.795705775173514,1.9459101490553132,53.0,27833,7.4570320891223805,3.970291913552122
514500,861,38500,-1.110505,53,4.55,0.3056090350877193,2,3.970291913552122,0.6931471805599453,24.0,20119,6.7580945044277305,3.1780538303479458
515200,1315,45000,-0.553436,806,4.2700000000000005,0.25951520947935725,10,6.692083742506628,2.302585092994046,30.0,30893,7.181591944611865,3.4011973816621555
515300,2708,63700,-1.106039,4985,4.3,0.32780558050861014,26,8.514188682395938,3.258096538021482,67.0,33640,7.903965634032166,4.204692619390966
516000,2235,56500,-1.207122,813,4.375,0.2715858984105092,16,6.70073110954781,2.772588722239781,50.0,50129,7.711996507047669,3.912023005428146
516600,2377,64100,-0.965866,5072,4.231578947368422,0.2782862255095436,19,8.531490496117062,2.9444389791664403,86.0,36985,7.773594467360194,4.454347296253507
516700,3218,85400,-1.096034,792,4.336363636363636,0.22691455967924015,11,6.674561391814426,2.3978952727983707,46.0,22083,8.076515327552329,3.828641396489095
517300,2131,204900,-1.305329,5721,4.389473684210526,0.3646881638729815,19,8.651898894268529,2.9444389791664403,86.0,36940,7.664346632098617,4.454347296253507
517500,2856,0,-0.892013,19143,3.926315789473684,0.2174251741237911,76,9.859692392536456,4.330733340286331,172.0,31776,7.957177323459475,5.147494476813453
518000,2280,144400,-0.594396,14698,4.426923076923076,0.3442464878781282,26,9.595466709088816,3.258096538021482,70.0,62697,7.731930721948486,4.248495242049359
518900,2121,0,-1.241453,34364,4.3830508474576275,0.3259778884375245,118,10.444764783757947,4.770684624465665,130.0,26786,7.659642954564682,4.867534450455582
520200,3650,114500,-0.667916,9701,4.044827586206896,0.2286506761665938,58,9.179984251961283,4.060443010546419,35.0,43798,8.202482446576537,3.5553480614894135
520300,2622,214100,-0.442925,38169,4.461363636363637,0.3654490854388559,88,10.549778946810811,4.477336814478207,48.0,78388,7.871692664323645,3.871201010907891
520400,1940,90000,-0.853299,6356,4.359259259259259,0.34785781952652317,27,8.757154527656606,3.295836866004329,31.0,35509,7.570443252057374,3.4339872044851463
521100,1544,55000,-0.862036,21369,4.272093023255814,0.27512720222607506,43,9.969696552646463,3.7612001156935624,30.0,39602,7.342131730584722,3.4011973816621555
521400,1403,138900,-0.714736,31927,4.478125,0.3465483748109883,64,10.371207325767013,4.1588830833596715,62.0,50707,7.246368080102461,4.127134385045092
521500,1354,36700,-0.844764,15486,4.160869565217391,0.26885312878475415,23,9.647691668946669,3.1354942159291497,64.0,44250,7.21081845347222,4.1588830833596715
521800,1466,0,-0.775197,48,3.4,0.11615625,1,3.871201010907891,0.0,19.0,55952,7.290292882446597,2.9444389791664403
521900,2943,121700,-0.6242,7035,4.340476190476191,0.29106120662751034,42,8.858652969548489,3.7376696182833684,95.0,86518,7.987184748233473,4.553876891600541
522000,1789,51900,-0.831418,1745,4.070588235294117,0.22391142554361332,17,7.4645098346365275,2.833213344056216,37.0,25986,7.489412083508719,3.6109179126442243
522300,1193,44700,-1.246503,1142,4.107142857142857,0.2122286499112586,14,7.040536390215956,2.6390573296152584,63.0,23482,7.084226422097916,4.143134726391533
523100,1336,44600,-1.012765,1843,4.2105263157894735,0.24016961199025397,19,7.519149957669823,2.9444389791664403,28.0,25833,7.197435354096591,3.332204510175204
523200,3247,64900,-0.686782,8932,4.172727272727272,0.23288974500873794,33,9.097395612960048,3.4965075614664802,34.0,42697,8.085486772102845,3.5263605246161616
523300,2914,54000,-0.891503,8065,4.365625,0.30016537948422445,32,8.99528899055931,3.4657359027997265,33.0,38951,7.97728198675515,3.4965075614664802
523800,3759,59600,-0.928601,3778,4.1952380952380945,0.2160150197226772,21,8.236950048061455,3.044522437723423,35.0,53359,8.231908243564177,3.5553480614894135
524200,4366,67000,-1.038219,6382,4.3808510638297875,0.25824382845663474,47,8.76123680683819,3.8501476017100584,27.0,27130,8.38160253710989,3.295836866004329
524300,2626,57900,-0.99083,1869,4.4125,0.2744991567743125,16,7.533158807455563,2.772588722239781,33.0,41504,7.873217054862741,3.4965075614664802
524700,3768,67500,-0.6942,2403,4.366666666666666,0.3067805742814688,24,7.784473235736469,3.1780538303479458,67.0,41955,8.234299635696253,4.204692619390966
525400,1795,48000,-0.96577,724,4.308333333333334,0.23537489971955394,12,6.584791392385716,2.4849066497880004,35.0,29875,7.492760300922379,3.5553480614894135
525700,4403,48900,-0.71755,4006,4.3517241379310345,0.24845164974495307,29,8.295548516225763,3.367295829986474,31.0,43255,8.390041405755754,3.4339872044851463
525800,1781,48200,-0.967444,8518,4.110344827586207,0.20685941187739723,29,9.049936850483158,3.367295829986474,36.0,38438,7.484930283289661,3.58351893845611
526000,3043,54900,-1.118431,2947,4.328125,0.2675468781008541,32,7.988542982737695,3.4657359027997265,25.0,30603,8.02059914989697,3.2188758248682006
526100,2753,69600,-0.885702,624,3.8600000000000003,0.15665302630735195,5,6.436150368369428,1.6094379124341003,19.0,22292,7.920446505142607,2.9444389791664403
526200,3026,53900,-1.135323,1910,4.2375,0.2122204212590174,8,7.554858521040676,2.0794415416798357,13.0,40431,8.014996894348302,2.5649493574615367
526300,3345,50000,-1.001476,1018,4.3533333333333335,0.22676685858819312,15,6.925595197110468,2.70805020110221,21.0,38448,8.11522197256233,3.044522437723423
530200,3546,85000,-0.569479,4188,4.092307692307693,0.23322394111503802,13,8.339978571990427,2.5649493574615367,53.0,36667,8.173575486634153,3.970291913552122
530400,1283,63000,-0.856336,2816,3.685714285714286,0.1626168070187377,7,7.943072717277933,1.9459101490553132,41.0,17013,7.1569563646156364,3.713572066704308
530500,2253,94100,-0.836419,946,4.2625,0.2995557572565509,8,6.852242569051878,2.0794415416798357,34.0,37750,7.720017940432244,3.5263605246161616
531300,1153,58600,-1.030154,242,4.14,0.31262333972922496,5,5.488937726156687,1.6094379124341003,36.0,23205,7.050122520269059,3.58351893845611
531400,1518,62000,-1.173511,899,4.383333333333334,0.3534577702806693,6,6.80128303447162,1.791759469228055,42.0,34915,7.325148957955575,3.7376696182833684
531800,1500,50400,-0.934684,1329,4.01,0.19428386011716492,10,7.192182058713246,2.302585092994046,46.0,11167,7.313220387090301,3.828641396489095
531900,866,53200,-1.5527,1230,4.418181818181818,0.3055139084931907,11,7.114769448366463,2.3978952727983707,42.0,26368,6.763884908562435,3.7376696182833684
532400,1569,33100,-0.954043,378,4.275,0.2839572211876288,4,5.934894195619588,1.3862943611198906,8.0,41528,7.358193752733032,2.0794415416798357
532600,2068,98100,-0.991057,1695,3.963636363636364,0.21842141460933517,11,7.43543801981455,2.3978952727983707,59.0,42098,7.63433723562832,4.07753744390572
533100,1388,76000,-1.049504,1428,4.085714285714286,0.1603299874051099,7,7.2640301428995295,1.9459101490553132,34.0,26726,7.23561914106675,3.5263605246161616
533200,1104,57900,-0.951711,553,4.466666666666667,0.1933591437513972,3,6.315358001522335,1.0986122886681098,30.0,9735,7.00669522683704,3.4011973816621555
533600,1390,51200,-0.773368,26,4.6,0.3696307692307692,1,3.258096538021482,0.0,45.0,30938,7.237059026124737,3.8066624897703196
533900,3356,140500,-0.648512,16442,4.119101123595506,0.2744628114346451,89,9.707594315712079,4.48863636973214,114.0,61250,8.118505067587098,4.736198448394496
534100,1691,81200,-1.028174,4050,3.8818181818181823,0.18945317696462952,11,8.306472160100585,2.3978952727983707,59.0,20694,7.43307534889858,4.07753744390572
534200,2991,63300,-0.731493,394,4.09,0.1857767245136082,10,5.976350909297934,2.302585092994046,88.0,21167,8.003363058629947,4.477336814478207
534300,1087,52300,-1.325924,2736,3.9111111111111114,0.21242784638448814,18,7.914252278742441,2.8903717578961645,41.0,36742,6.99117688712121,3.713572066704308
534400,1474,55800,-1.187281,370,4.3999999999999995,0.3351430863984389,4,5.91350300563827,1.3862943611198906,35.0,10625,7.295735072749282,3.5553480614894135
534700,3056,61300,-0.753231,2068,4.108333333333333,0.20798224747958774,12,7.63433723562832,2.4849066497880004,55.0,30982,8.024862150286411,4.007333185232471
535000,2411,71700,-1.130909,1233,4.153333333333333,0.23407031095846664,15,7.117205503164344,2.70805020110221,70.0,35887,7.787796878181171,4.248495242049359
535100,1717,74100,-0.424542,702,3.9181818181818184,0.21925946696319884,11,6.553933404025811,2.3978952727983707,69.0,32500,7.448333860897476,4.23410650459726
535300,3950,69600,-0.506253,3002,4.228,0.2709137187449854,25,8.007034012193408,3.2188758248682006,96.0,33277,8.281470857895167,4.564348191467836
535700,1313,81400,-0.893963,918,3.8166666666666664,0.14336442223670903,6,6.822197390620491,1.791759469228055,35.0,40625,7.180069874302796,3.5553480614894135
536100,3327,57800,-0.846574,2746,4.223529411764706,0.2632836949398832,17,7.917900586327916,2.833213344056216,62.0,26750,8.109826276018477,4.127134385045092
536200,2165,70800,-0.348572,3859,4.140909090909091,0.22220902258070155,22,8.258163361537619,3.091042453358316,41.0,47857,7.68017564043659,3.713572066704308
536500,2097,75300,-0.544473,3083,3.905,0.19691967178258402,20,8.03365842788615,2.995732273553991,66.0,32500,7.64826303090192,4.189654742026425
536600,2535,46500,-0.72307,2167,4.014285714285714,0.2266155767206189,21,7.681099001536359,3.044522437723423,59.0,32597,7.837948916025283,4.07753744390572
536900,3374,81700,-0.648366,5843,4.144117647058824,0.2430018128648862,34,8.672999642554437,3.5263605246161616,86.0,35938,8.123854263105914,4.454347296253507
537000,3334,78200,-0.767665,1945,4.0058823529411764,0.2010113648934064,17,7.573017256052546,2.833213344056216,91.0,24931,8.111928063310739,4.51085950651685
537100,1946,74100,-0.572163,2646,3.9549999999999996,0.23542208523913163,20,7.880804344674901,2.995732273553991,52.0,30859,7.57353126274595,3.9512437185814275
537200,583,69900,-0.484348,3998,3.994444444444445,0.2062480680523649,18,8.293549515060345,2.8903717578961645,44.0,16328,6.368187186350492,3.784189633918261
537300,1987,72700,-0.653691,1213,4.06,0.212664965618467,15,7.10085190894405,2.70805020110221,50.0,40875,7.594381242551817,3.912023005428146
537500,2714,85100,-0.76516,282,4.025,0.13716845758597118,4,5.641907070938114,1.3862943611198906,78.0,31312,7.906178840394815,4.356708826689592
537700,2874,86600,-0.671162,726,4.16,0.24835287100730546,5,6.587550014824796,1.6094379124341003,83.0,47963,7.96346006663897,4.418840607796598
537800,1545,39800,-0.966035,3355,4.125,0.22475930500875793,24,8.118207049405783,3.1780538303479458,34.0,24375,7.3427791893318455,3.5263605246161616
538300,2162,191200,-0.822489,2279,4.08,0.2260118065944289,10,7.731492029245684,2.302585092994046,69.0,50239,7.6787889981991535,4.23410650459726
538600,4758,98900,-0.38554,3166,4.325,0.34170372781408537,32,8.060224240440958,3.4657359027997265,65.0,58750,8.467582690862903,4.174387269895637
538700,3823,87200,-0.646153,9290,4.166666666666667,0.23774670378750143,33,9.136693831807884,3.4965075614664802,90.0,36139,8.248790733696413,4.499809670330265
539100,1788,59000,-0.797942,1519,4.2272727272727275,0.23413936160364113,11,7.325807502595773,2.3978952727983707,42.0,34028,7.488852955733459,3.7376696182833684
539400,3707,105700,-0.437932,3977,4.0125,0.20959614635649026,24,8.28828304520769,3.1780538303479458,68.0,43333,8.217978203150732,4.219507705176107
539500,2921,93200,-0.703043,5445,3.9030303030303033,0.1868499988651697,33,8.602453035367061,3.4965075614664802,99.0,87761,7.979681302387741,4.59511985013459
539700,2072,106600,-0.525702,2052,4.115384615384615,0.2051592346639423,13,7.62657020629066,2.5649493574615367,38.0,26563,7.6362696033793735,3.6375861597263857
540100,3201,76600,-0.625552,3068,4.09375,0.23891109187857307,16,8.028781162487148,2.772588722239781,76.0,26250,8.071218539969863,4.330733340286331
540300,3746,68300,-0.47287,1845,3.82,0.18489743128850325,15,7.520234556474628,2.70805020110221,79.0,38750,8.228443883004033,4.3694478524670215
540800,2110,83700,-0.468828,2322,4.072222222222222,0.2035231520847321,18,7.7501841622578365,2.8903717578961645,38.0,54901,7.6544432264701125,3.6375861597263857
541000,3775,69100,-0.994694,3095,4.203846153846154,0.20704874795943248,26,8.037543185118697,3.258096538021482,82.0,47961,8.236155661683124,4.406719247264253
541100,2921,84800,-1.230312,997,3.8875,0.16985130794673678,16,6.904750769961838,2.772588722239781,56.0,22990,7.979681302387741,4.02535169073515
541200,2046,65200,-1.008247,4637,4.08,0.23195297059868752,20,8.441822884391462,2.995732273553991,31.0,20742,7.6236419465115715,3.4339872044851463
541300,2664,80900,-0.775784,6720,4.141935483870968,0.26700423697734776,31,8.812843433517195,3.4339872044851463,54.0,39853,7.88758403166028,3.9889840465642745
541400,2642,81600,-0.307586,4469,3.882142857142857,0.19691373508429938,28,8.404919948933452,3.332204510175204,49.0,41533,7.879291485082271,3.8918202981106265
541500,3625,108200,-0.293781,3518,3.5583333333333336,0.1452411291241745,12,8.165647925297504,2.4849066497880004,29.0,34201,8.195609567288775,3.367295829986474
541700,2538,88600,-0.685106,2298,4.053846153846154,0.26337525413639906,13,7.739794458408701,2.5649493574615367,33.0,31563,7.839131648274333,3.4965075614664802
541800,2533,91700,-0.460059,2412,4.15,0.23054422766603772,16,7.788211557847076,2.772588722239781,61.0,47912,7.837159650001675,4.110873864173311
542100,4547,87600,-0.494808,5674,4.140909090909091,0.2589444623319302,22,8.643649615368796,3.091042453358316,73.0,32154,8.42222295382501,4.290459441148391
542200,3644,78700,-0.823676,1899,4.0,0.14335966447749732,8,7.549082710812286,2.0794415416798357,45.0,24250,8.200837258379849,3.8066624897703196
542300,2255,83200,-0.606347,6545,3.9676470588235295,0.19528702018003188,34,8.786456678344,3.5263605246161616,58.0,25557,7.720905251936779,4.060443010546419
542400,2651,82800,-0.496307,2077,4.06875,0.24920311007158388,16,7.638679823876112,2.772588722239781,59.0,21875,7.8826922062890254,4.07753744390572
542500,2475,124900,0.195047,2484,4.1454545454545455,0.3051210426864976,11,7.81762544305337,2.3978952727983707,35.0,67019,7.813995675002791,3.5553480614894135
542600,3168,83200,-0.637299,2234,4.3,0.21668247779652744,13,7.711548979629146,2.5649493574615367,46.0,41083,8.060855752934316,3.828641396489095
543700,1785,58400,-1.227472,1495,4.46,0.3266704144168842,5,7.3098814858247865,1.6094379124341003,50.0,19722,7.487173694213739,3.912023005428146
543900,785,80000,-1.379142,420,4.366666666666666,0.3853599000599494,3,6.040254711277414,1.0986122886681098,16.0,26448,6.665683717782408,2.772588722239781
544000,2534,71600,-0.388987,189,3.95,0.12371242906212665,4,5.241747015059643,1.3862943611198906,78.0,42917,7.837554360881084,4.356708826689592
544100,2222,93100,-0.531418,849,4.130000000000001,0.322602776767228,10,6.744059186311348,2.302585092994046,45.0,27880,7.706162970199576,3.8066624897703196
544200,2005,70400,-1.102514,1339,4.466666666666667,0.2509661760941285,6,7.199678345691172,1.791759469228055,49.0,24570,7.60339933974067,3.8918202981106265
544300,2428,72600,-0.801954,2413,4.1,0.23229041412138432,18,7.7886260656250315,2.8903717578961645,41.0,38588,7.794823152179389,3.713572066704308
545100,1026,59800,-0.997775,2007,4.3625,0.25761555618379006,16,7.604396348796338,2.772588722239781,49.0,16458,6.933423025730715,3.8918202981106265
545500,3878,61900,-0.987392,4021,4.294117647058823,0.2910414121874658,34,8.299285906897275,3.5263605246161616,90.0,25529,8.263074835802596,4.499809670330265
545600,5319,66600,-0.866901,5206,4.323076923076923,0.3160761738173892,39,8.55756708555451,3.6635616461296463,44.0,31071,8.579040594742317,3.784189633918261
545800,5518,55700,-0.747343,2059,4.18125,0.24115709384799774,16,7.629975707027789,2.772588722239781,126.0,28438,8.615770754777232,4.836281906951478
545900,3758,73600,-0.575888,1866,4.164705882352941,0.21283896953389791,17,7.531552381407289,2.833213344056216,88.0,27411,8.231642179973411,4.477336814478207
546000,2925,70700,-0.828256,2371,4.035714285714286,0.20026342882401169,14,7.771067086065406,2.6390573296152584,69.0,30708,7.981049759665957,4.23410650459726
546100,3952,60700,-0.667223,2038,4.233333333333333,0.3319374846101511,15,7.61972421378267,2.70805020110221,80.0,26667,8.281977058867758,4.382026634673881
546600,1996,81700,-0.723672,262,4.5,0.3120280686190169,4,5.568344503761097,1.3862943611198906,43.0,31250,7.59890045687141,3.7612001156935624
546700,2816,52500,-0.821786,951,3.875,0.17376261460998252,12,6.85751406254539,2.4849066497880004,100.0,29110,7.943072717277933,4.605170185988092
552000,3701,82600,-0.632263,53,4.25,0.20850293650793644,2,3.970291913552122,0.6931471805599453,,44524,8.216358332386156,
552200,4685,70200,-0.876389,246,4.6000000000000005,0.38400102960336935,3,5.5053315359323625,1.0986122886681098,,37222,8.452121194672523,
552300,4656,64200,-1.029343,65,4.4,0.2619323076923077,1,4.174387269895637,0.0,,45739,8.445911989411274,
552400,3524,55000,-0.918648,18,4.4,0.2458055555555555,1,2.8903717578961645,0.0,,44583,8.16735198705607,
553000,918,51000,-1.053641,88,4.8,0.2929306818181818,1,4.477336814478207,0.0,,8594,6.822197390620491,
554500,2766,77800,-0.182889,68,4.4,0.2747220588235294,1,4.219507705176107,0.0,,37188,7.925157512224703,
564900,2557,19600,-0.707195,248,2.9,0.0154237903225806,1,5.5134287461649825,0.0,,36250,7.846589975291186,
568800,3756,147200,-0.577553,17,4.5,0.4737,1,2.833213344056216,0.0,,69625,8.231109840328154,
570400,5360,75300,-0.599242,15,4.4,0.57726,1,2.70805020110221,0.0,,31914,8.586719254064848,
573600,7392,115000,-0.545483,426,4.25,0.2264462311557789,2,6.054439346269371,0.6931471805599453,,25333,8.90815361332152,
574000,6694,98100,-0.480613,18,4.2,0.2130888888888888,1,2.8903717578961645,0.0,,46085,8.808966881771273,
574100,4875,122700,-0.361601,238,2.5,-0.0078478991596638,1,5.472270673671475,0.0,,42827,8.491875383431948,
577200,3495,83800,-0.385083,286,3.6,0.24628842592592595,2,5.655991810819852,0.6931471805599453,,45656,8.15908865466791,
578600,6443,78600,-0.411546,456,3.7,0.2829010372264848,2,6.1224928095143865,0.6931471805599453,,34303,8.770749549138642,
580700,3484,113000,-0.060878,178,4.6,0.2599943820224719,1,5.181783550292085,0.0,,61544,8.155936337972394,
584600,2014,81100,-0.477295,398,3.1,0.1664036211699164,1,5.986452005284438,0.0,,17778,7.607878073278507,
501300,3078,67700,-0.96067,609,4.172727272727273,0.19917668027860855,11,6.411818267709897,2.3978952727983707,75.0,52667,8.032035314398824,4.31748811353631
505100,2888,75500,-0.939912,11701,4.152941176470589,0.2564079828049227,51,9.367429587218957,3.9318256327243257,98.0,63287,7.968319500012717,4.584967478670572
507000,2720,68500,-1.095517,1870,4.246153846153846,0.22254228078161228,13,7.533693709848633,2.5649493574615367,64.0,53645,7.908387159290043,4.1588830833596715
507100,2266,55600,-0.952593,829,4.011111111111111,0.2376641030620659,9,6.720220155135295,2.1972245773362196,46.0,54404,7.725771441587952,3.828641396489095
513700,2982,76600,-0.923949,8235,4.2846153846153845,0.28483510576138704,39,9.016148642611741,3.6635616461296463,47.0,57887,8.000349495324684,3.8501476017100584
513900,1556,48000,-1.199247,107,4.225,0.2424614055470673,4,4.672828834461906,1.3862943611198906,31.0,55069,7.349873704738337,3.4339872044851463
514300,2163,33100,-1.147191,3275,4.117647058823529,0.2174483038838088,17,8.094073148069352,2.833213344056216,51.0,54924,7.679251425953058,3.9318256327243257
516900,2111,63800,-0.65278,839,4.3625,0.22733464485767566,8,6.732210706467206,2.0794415416798357,42.0,56780,7.65491704784832,3.7376696182833684
522400,924,55200,-1.17068,6206,4.15,0.21594614336754545,14,8.733271845008325,2.6390573296152584,71.0,55854,6.828712071641684,4.2626798770413155
522500,1442,47100,-1.306866,15593,4.33953488372093,0.29663880806582743,43,9.654577374584886,3.7612001156935624,94.0,63193,7.273786317844895,4.543294782270004
523400,2196,63600,-1.220566,9251,4.245,0.21461296324413315,20,9.132486932771318,2.995732273553991,21.0,56527,7.694392802629421,3.044522437723423
524800,2586,58200,-0.787624,822,4.088888888888889,0.2543710576736614,9,6.71174039505618,2.1972245773362196,36.0,55203,7.857867559331803,3.58351893845611
530100,2336,53400,-0.975777,301,4.1499999999999995,0.21542534561299265,6,5.707110264748875,1.791759469228055,43.0,54311,7.756195343948118,3.7612001156935624
530800,1394,52100,-1.466387,3640,4.1125,0.2179337497355768,24,8.199738960630786,3.1780538303479458,48.0,55180,7.2399325913204695,3.871201010907891
531100,946,89800,-1.128829,1081,4.363636363636363,0.2743496618112541,11,6.985641817639208,2.3978952727983707,22.0,54795,6.852242569051878,3.091042453358316
531600,1644,64000,-0.968224,2859,3.988888888888889,0.19517087067899982,18,7.958227192322312,2.8903717578961645,56.0,55163,7.404887575616125,4.02535169073515
533000,1426,89800,-1.021324,192,3.925,0.24970157565371498,4,5.2574953720277815,1.3862943611198906,51.0,54260,7.262628600974241,3.9318256327243257
533300,1196,49100,-0.761447,201,4.233333333333333,0.22205855521155826,3,5.303304908059076,1.0986122886681098,34.0,54417,7.086737934510577,3.5263605246161616
533400,2215,72300,-0.890928,2587,3.9947368421052634,0.19084779330147353,19,7.8582541821860294,2.9444389791664403,40.0,55911,7.703007682479236,3.6888794541139363
535200,2019,50900,-1.067575,1945,4.046666666666667,0.2422078544220773,15,7.573017256052546,2.70805020110221,92.0,58372,7.610357618312838,4.5217885770490405
535600,3727,94900,-0.310827,1231,4.242857142857143,0.2521078743315828,7,7.115582126184454,1.9459101490553132,37.0,58797,8.223358899479258,3.6109179126442243
536400,2145,53600,-0.914804,1635,4.194444444444445,0.21629154913026014,18,7.399398083331354,2.8903717578961645,67.0,53628,7.6708948313621175,4.204692619390966
536800,1667,65800,-0.498933,1831,4.092307692307693,0.1656110256362709,13,7.5126175446745105,2.5649493574615367,41.0,59460,7.418780882750794,3.713572066704308
537600,3365,75400,-0.552991,2138,3.9444444444444446,0.17308304971180527,18,7.6676260915849905,2.8903717578961645,59.0,58863,8.121183242078828,4.07753744390572
540200,3183,55000,-0.625082,2207,4.3149999999999995,0.2488968741884557,20,7.699389406256737,2.995732273553991,91.0,61573,8.065579427282092,4.51085950651685
540400,2632,95600,-0.517123,6035,4.08,0.19300636955671174,25,8.705331133531631,3.2188758248682006,55.0,60914,7.875499292445208,4.007333185232471
540500,3466,77800,-0.419506,2498,4.096296296296296,0.22045430970177246,27,7.823245690685523,3.295836866004329,50.0,59135,8.150756470275551,3.912023005428146
540700,3193,61700,-0.483171,1943,4.046153846153846,0.23172952119394286,13,7.57198844937744,2.5649493574615367,68.0,57438,8.068716192714781,4.219507705176107
543500,1210,73100,-1.665733,161,4.425,0.23042796472037086,4,5.081404364984463,1.3862943611198906,38.0,54025,7.098375638590786,3.6375861597263857
545200,2641,63900,-0.902017,2612,4.2125,0.23545701522981555,16,7.867871490396322,2.772588722239781,62.0,54666,7.878912912297133,4.127134385045092
545700,2925,73900,-0.752856,9342,3.8000000000000003,0.19785339786008557,12,9.142275641062053,2.4849066497880004,51.0,57154,7.981049759665957,3.9318256327243257
